ticker,trade_date,open,high,low,close,volume,turnover,currency,source_id,price_type
600519.SH,2021-01-28,2080.0000,2109.6600,2060.0200,2088.0000,35128.6400,7337084.4550,CNY,SRC-GITHUB-TUSHARE-ARCHIVE,RAW_CLOSE
600519.SH,2021-01-29,2101.1900,2149.4800,2090.2200,2116.1800,33701.3300,7166179.2770,CNY,SRC-GITHUB-TUSHARE-ARCHIVE,RAW_CLOSE
601318.SH,2021-01-28,80.6989,81.0720,79.1772,79.4423,1061087.3100,8642469.5700,CNY,SRC-GITHUB-TUSHARE-ARCHIVE,RAW_CLOSE
601318.SH,2021-01-29,79.4227,79.9528,77.0665,77.6359,1269800.3200,10098743.8830,CNY,SRC-GITHUB-TUSHARE-ARCHIVE,RAW_CLOSE
600036.SH,2021-01-28,51.0000,51.7500,50.8000,51.6100,523869.5100,2684963.8910,CNY,SRC-GITHUB-TUSHARE-ARCHIVE,RAW_CLOSE
600036.SH,2021-01-29,52.1800,52.4600,50.8100,51.1000,621489.1400,3211002.0620,CNY,SRC-GITHUB-TUSHARE-ARCHIVE,RAW_CLOSE
000858.SZ,2021-01-28,288.2300,292.0000,283.0000,286.0000,276077.5700,7911157.5260,CNY,SRC-GITHUB-TUSHARE-ARCHIVE,RAW_CLOSE
000858.SZ,2021-01-29,290.0000,295.1400,288.7800,291.1400,220109.1400,6431745.1300,CNY,SRC-GITHUB-TUSHARE-ARCHIVE,RAW_CLOSE
601012.SH,2021-01-28,118.1600,120.0800,112.8700,113.2400,920576.8800,10692473.8020,CNY,SRC-GITHUB-TUSHARE-ARCHIVE,RAW_CLOSE
601012.SH,2021-01-29,113.0000,113.0000,103.7200,107.5500,1373757.5800,14790282.5600,CNY,SRC-GITHUB-TUSHARE-ARCHIVE,RAW_CLOSE
000333.SZ,2021-01-28,96.5300,96.9900,94.5000,95.1600,310572.1400,2959282.8740,CNY,SRC-GITHUB-TUSHARE-ARCHIVE,RAW_CLOSE
000333.SZ,2021-01-29,95.3500,97.7900,93.6800,96.3300,372465.0800,3576339.1850,CNY,SRC-GITHUB-TUSHARE-ARCHIVE,RAW_CLOSE
600276.SH,2021-01-28,106.5500,107.9900,103.3800,104.6600,282737.4800,2965224.3390,CNY,SRC-GITHUB-TUSHARE-ARCHIVE,RAW_CLOSE
600276.SH,2021-01-29,104.2500,105.1200,101.0100,103.7600,327275.5300,3368922.6230,CNY,SRC-GITHUB-TUSHARE-ARCHIVE,RAW_CLOSE
002415.SZ,2021-01-28,67.5000,67.5000,62.1700,63.9500,846185.6600,5470475.3340,CNY,SRC-GITHUB-TUSHARE-ARCHIVE,RAW_CLOSE
002415.SZ,2021-01-29,63.6000,64.9200,61.5100,63.0000,622609.6000,3916791.6200,CNY,SRC-GITHUB-TUSHARE-ARCHIVE,RAW_CLOSE
601166.SH,2021-01-28,23.1200,23.3600,22.5900,23.2000,1115353.2200,2562094.7180,CNY,SRC-GITHUB-TUSHARE-ARCHIVE,RAW_CLOSE
601166.SH,2021-01-29,23.5000,23.7000,22.7900,23.1000,1038813.6500,2417300.0460,CNY,SRC-GITHUB-TUSHARE-ARCHIVE,RAW_CLOSE
601888.SH,2021-01-28,289.5700,295.1500,285.6000,287.0000,90007.5500,2608105.5070,CNY,SRC-GITHUB-TUSHARE-ARCHIVE,RAW_CLOSE
601888.SH,2021-01-29,292.9000,300.8800,290.0100,294.0000,134043.8500,3954648.9240,CNY,SRC-GITHUB-TUSHARE-ARCHIVE,RAW_CLOSE
603259.SH,2021-01-28,167.6300,173.3300,165.0000,165.0000,230640.7900,3886879.4650,CNY,SRC-GITHUB-TUSHARE-ARCHIVE,RAW_CLOSE
603259.SH,2021-01-29,168.0000,171.5000,164.0000,166.3400,196860.9600,3322460.1480,CNY,SRC-GITHUB-TUSHARE-ARCHIVE,RAW_CLOSE
300059.SZ,2021-01-28,36.6200,37.2800,36.1500,36.2000,2752711.1100,10038995.6590,CNY,SRC-GITHUB-TUSHARE-ARCHIVE,RAW_CLOSE
300059.SZ,2021-01-29,36.6900,37.1200,33.7000,35.2000,3960243.0500,14079698.4720,CNY,SRC-GITHUB-TUSHARE-ARCHIVE,RAW_CLOSE
000651.SZ,2021-01-28,58.6400,58.7000,57.2300,57.2900,522870.0800,3018505.3300,CNY,SRC-GITHUB-TUSHARE-ARCHIVE,RAW_CLOSE
000651.SZ,2021-01-29,57.2300,57.7900,55.8800,56.3000,493888.8000,2807565.9060,CNY,SRC-GITHUB-TUSHARE-ARCHIVE,RAW_CLOSE
600900.SH,2021-01-28,19.5500,20.2600,19.3600,20.0000,1090972.8200,2164578.6400,CNY,SRC-GITHUB-TUSHARE-ARCHIVE,RAW_CLOSE
600900.SH,2021-01-29,19.8000,20.1500,19.4000,19.6800,707728.2100,1399077.9040,CNY,SRC-GITHUB-TUSHARE-ARCHIVE,RAW_CLOSE
002594.SZ,2021-01-28,245.9700,252.5000,242.9800,244.3600,326461.7500,8081858.7170,CNY,SRC-GITHUB-TUSHARE-ARCHIVE,RAW_CLOSE
002594.SZ,2021-01-29,249.0000,250.4300,237.5000,247.0000,335982.6900,8182542.0310,CNY,SRC-GITHUB-TUSHARE-ARCHIVE,RAW_CLOSE
002475.SZ,2021-01-28,53.5000,53.5000,50.0400,50.3500,1228387.2100,6301783.1090,CNY,SRC-GITHUB-TUSHARE-ARCHIVE,RAW_CLOSE
002475.SZ,2021-01-29,51.4500,53.9900,51.4400,53.1000,1148204.0700,6048822.4710,CNY,SRC-GITHUB-TUSHARE-ARCHIVE,RAW_CLOSE
600887.SH,2021-01-28,45.6000,45.8800,43.6800,44.0400,966818.3200,4312064.3960,CNY,SRC-GITHUB-TUSHARE-ARCHIVE,RAW_CLOSE
600887.SH,2021-01-29,44.3200,44.7500,43.5800,44.2000,776633.3500,3433198.0000,CNY,SRC-GITHUB-TUSHARE-ARCHIVE,RAW_CLOSE
000001.SZ,2021-01-28,22.6023,22.9992,22.2749,22.6321,857476.9600,1948881.1460,CNY,SRC-GITHUB-TUSHARE-ARCHIVE,RAW_CLOSE
000001.SZ,2021-01-29,22.6321,23.3564,22.5329,22.9099,1240258.4100,2864101.4190,CNY,SRC-GITHUB-TUSHARE-ARCHIVE,RAW_CLOSE
000725.SZ,2021-01-28,6.7900,6.8400,6.3600,6.3800,15036770.8100,9926398.6630,CNY,SRC-GITHUB-TUSHARE-ARCHIVE,RAW_CLOSE
000725.SZ,2021-01-29,6.4000,6.4200,5.9800,6.1800,16968245.5400,10445384.2300,CNY,SRC-GITHUB-TUSHARE-ARCHIVE,RAW_CLOSE
600030.SH,2021-01-28,28.5000,28.8800,28.2300,28.5000,1300526.9000,3710540.0690,CNY,SRC-GITHUB-TUSHARE-ARCHIVE,RAW_CLOSE
600030.SH,2021-01-29,28.6700,28.7800,28.0000,28.3500,1229644.5400,3483745.6470,CNY,SRC-GITHUB-TUSHARE-ARCHIVE,RAW_CLOSE
300015.SZ,2021-01-28,80.5800,81.6600,78.6800,78.9100,252991.8900,2022688.2860,CNY,SRC-GITHUB-TUSHARE-ARCHIVE,RAW_CLOSE
300015.SZ,2021-01-29,80.2000,80.9900,78.0500,78.7300,228015.5500,1807624.9040,CNY,SRC-GITHUB-TUSHARE-ARCHIVE,RAW_CLOSE
601398.SH,2021-01-28,5.0500,5.0700,5.0100,5.0300,2850794.9200,1432841.3340,CNY,SRC-GITHUB-TUSHARE-ARCHIVE,RAW_CLOSE
601398.SH,2021-01-29,5.0300,5.1200,5.0200,5.0900,4111437.0400,2088594.4410,CNY,SRC-GITHUB-TUSHARE-ARCHIVE,RAW_CLOSE
000568.SZ,2021-01-28,247.9800,255.9900,245.5800,250.0000,132783.7300,3328071.2670,CNY,SRC-GITHUB-TUSHARE-ARCHIVE,RAW_CLOSE
000568.SZ,2021-01-29,254.0000,266.9300,254.0000,257.7000,160257.8800,4174569.5310,CNY,SRC-GITHUB-TUSHARE-ARCHIVE,RAW_CLOSE
600031.SH,2021-01-28,40.7900,41.8100,40.1600,40.3600,986387.2700,4042306.5010,CNY,SRC-GITHUB-TUSHARE-ARCHIVE,RAW_CLOSE
600031.SH,2021-01-29,41.1400,41.3900,39.8000,40.4600,883511.8500,3591302.4030,CNY,SRC-GITHUB-TUSHARE-ARCHIVE,RAW_CLOSE
600309.SH,2021-01-28,112.2009,114.5234,109.2064,110.0662,161301.0000,1818237.8490,CNY,SRC-GITHUB-TUSHARE-ARCHIVE,RAW_CLOSE
600309.SH,2021-01-29,113.4165,114.0292,109.2064,110.4911,164000.1300,1854946.6070,CNY,SRC-GITHUB-TUSHARE-ARCHIVE,RAW_CLOSE
603501.SH,2021-01-28,307.0000,307.0200,290.0000,290.1000,112313.6000,3325502.0170,CNY,SRC-GITHUB-TUSHARE-ARCHIVE,RAW_CLOSE
603501.SH,2021-01-29,299.0000,300.4900,283.1700,289.5700,82709.1800,2422503.1390,CNY,SRC-GITHUB-TUSHARE-ARCHIVE,RAW_CLOSE
000002.SZ,2021-01-28,29.0500,29.0700,28.2200,28.4300,786041.3900,2240534.5180,CNY,SRC-GITHUB-TUSHARE-ARCHIVE,RAW_CLOSE
000002.SZ,2021-01-29,28.5500,28.6500,27.5700,27.7900,963685.4300,2691727.5780,CNY,SRC-GITHUB-TUSHARE-ARCHIVE,RAW_CLOSE
603288.SH,2021-01-28,152.6201,153.9812,150.6321,152.3831,38881.7800,775871.6240,CNY,SRC-GITHUB-TUSHARE-ARCHIVE,RAW_CLOSE
603288.SH,2021-01-29,152.0084,153.6906,148.8734,150.7468,40710.0800,805918.4050,CNY,SRC-GITHUB-TUSHARE-ARCHIVE,RAW_CLOSE
002714.SZ,2021-01-28,91.0100,95.4300,88.4800,92.8300,492018.8100,4537761.1730,CNY,SRC-GITHUB-TUSHARE-ARCHIVE,RAW_CLOSE
002714.SZ,2021-01-29,92.8500,93.9000,88.6800,88.9000,381909.6000,3456375.7950,CNY,SRC-GITHUB-TUSHARE-ARCHIVE,RAW_CLOSE
600809.SH,2021-01-28,356.3100,365.5000,353.0000,358.0000,48221.3500,1731478.1960,CNY,SRC-GITHUB-TUSHARE-ARCHIVE,RAW_CLOSE
600809.SH,2021-01-29,362.5500,384.2300,362.5500,374.4200,80070.4600,2997474.9020,CNY,SRC-GITHUB-TUSHARE-ARCHIVE,RAW_CLOSE
300122.SZ,2021-01-28,162.4400,169.8900,158.9000,159.9900,142015.7300,2328064.2210,CNY,SRC-GITHUB-TUSHARE-ARCHIVE,RAW_CLOSE
300122.SZ,2021-01-29,162.8000,167.0000,155.6800,157.9800,122284.0800,1969656.5630,CNY,SRC-GITHUB-TUSHARE-ARCHIVE,RAW_CLOSE
601919.SH,2021-01-28,13.9600,13.9600,13.0300,13.0300,1827748.2700,2434369.4380,CNY,SRC-GITHUB-TUSHARE-ARCHIVE,RAW_CLOSE
601919.SH,2021-01-29,12.8300,13.1300,11.8800,12.4100,2583009.8700,3195546.3020,CNY,SRC-GITHUB-TUSHARE-ARCHIVE,RAW_CLOSE
002142.SZ,2021-01-28,38.9000,39.0800,37.9000,38.4500,314779.8700,1212095.5580,CNY,SRC-GITHUB-TUSHARE-ARCHIVE,RAW_CLOSE
002142.SZ,2021-01-29,38.4500,39.1500,38.2000,38.4800,309347.6800,1196590.2720,CNY,SRC-GITHUB-TUSHARE-ARCHIVE,RAW_CLOSE
600436.SH,2021-01-28,291.8400,297.2100,288.1000,288.5300,35203.7300,1028455.3310,CNY,SRC-GITHUB-TUSHARE-ARCHIVE,RAW_CLOSE
600436.SH,2021-01-29,290.5000,304.7000,290.0100,298.5500,46486.8900,1386152.9710,CNY,SRC-GITHUB-TUSHARE-ARCHIVE,RAW_CLOSE
601328.SH,2021-01-28,4.4700,4.4800,4.4500,4.4700,1030559.5100,459494.1550,CNY,SRC-GITHUB-TUSHARE-ARCHIVE,RAW_CLOSE
601328.SH,2021-01-29,4.4600,4.5000,4.4500,4.4600,890726.8700,398415.1140,CNY,SRC-GITHUB-TUSHARE-ARCHIVE,RAW_CLOSE
601899.SH,2021-01-28,10.0000,10.2100,9.6000,9.6800,3518937.7900,3475714.7380,CNY,SRC-GITHUB-TUSHARE-ARCHIVE,RAW_CLOSE
601899.SH,2021-01-29,9.9000,10.0000,9.3100,9.6000,2771399.6600,2676524.8260,CNY,SRC-GITHUB-TUSHARE-ARCHIVE,RAW_CLOSE
002304.SZ,2021-01-28,202.0000,210.1000,201.0000,202.4600,97628.4700,1996035.9550,CNY,SRC-GITHUB-TUSHARE-ARCHIVE,RAW_CLOSE
002304.SZ,2021-01-29,205.5200,211.0000,202.7000,204.0100,123928.5200,2556632.6000,CNY,SRC-GITHUB-TUSHARE-ARCHIVE,RAW_CLOSE
002352.SZ,2021-01-28,98.4900,98.9874,96.3113,96.6794,149642.1600,1464026.2680,CNY,SRC-GITHUB-TUSHARE-ARCHIVE,RAW_CLOSE
002352.SZ,2021-01-29,97.6842,100.7085,96.5699,98.4800,209851.3000,2083775.8260,CNY,SRC-GITHUB-TUSHARE-ARCHIVE,RAW_CLOSE
002812.SZ,2021-01-28,133.9184,137.4034,131.8713,132.8100,64955.6700,872587.4600,CNY,SRC-GITHUB-TUSHARE-ARCHIVE,RAW_CLOSE
002812.SZ,2021-01-29,132.8100,135.7957,128.0568,131.7815,67542.5800,894187.1400,CNY,SRC-GITHUB-TUSHARE-ARCHIVE,RAW_CLOSE
002230.SZ,2021-01-28,48.0000,48.2100,46.4200,46.7500,636883.3500,3012173.4460,CNY,SRC-GITHUB-TUSHARE-ARCHIVE,RAW_CLOSE
002230.SZ,2021-01-29,47.5000,47.8000,45.6700,46.7500,428530.2600,2006533.1890,CNY,SRC-GITHUB-TUSHARE-ARCHIVE,RAW_CLOSE
300014.SZ,2021-01-28,110.7700,111.9600,105.8000,109.0000,316236.9400,3457273.2140,CNY,SRC-GITHUB-TUSHARE-ARCHIVE,RAW_CLOSE
300014.SZ,2021-01-29,110.2000,112.2700,103.3000,106.5000,310379.9400,3340986.4500,CNY,SRC-GITHUB-TUSHARE-ARCHIVE,RAW_CLOSE
300274.SZ,2021-01-28,99.0100,103.4000,99.0000,99.5900,478170.0600,4815718.8980,CNY,SRC-GITHUB-TUSHARE-ARCHIVE,RAW_CLOSE
300274.SZ,2021-01-29,101.3100,106.3600,96.1000,104.8000,691171.3100,7067202.6150,CNY,SRC-GITHUB-TUSHARE-ARCHIVE,RAW_CLOSE
600000.SH,2021-01-28,9.7300,9.7400,9.6100,9.6600,523609.2400,506059.2070,CNY,SRC-GITHUB-TUSHARE-ARCHIVE,RAW_CLOSE
600000.SH,2021-01-29,9.6900,10.1300,9.6500,9.9600,1152574.8200,1142597.6590,CNY,SRC-GITHUB-TUSHARE-ARCHIVE,RAW_CLOSE
600438.SH,2021-01-28,49.5000,51.4900,48.0900,49.1900,1704104.6000,8454526.9780,CNY,SRC-GITHUB-TUSHARE-ARCHIVE,RAW_CLOSE
600438.SH,2021-01-29,49.3000,49.7100,44.4500,46.0000,1894555.3800,8846491.7770,CNY,SRC-GITHUB-TUSHARE-ARCHIVE,RAW_CLOSE
300124.SZ,2021-01-28,99.8600,99.9000,91.5000,94.4100,177115.4600,1677964.1840,CNY,SRC-GITHUB-TUSHARE-ARCHIVE,RAW_CLOSE
300124.SZ,2021-01-29,95.0100,98.1800,93.7700,95.1500,142472.1100,1370363.6960,CNY,SRC-GITHUB-TUSHARE-ARCHIVE,RAW_CLOSE
600837.SH,2021-01-28,12.2000,12.3100,12.1500,12.2700,465673.8900,569642.7240,CNY,SRC-GITHUB-TUSHARE-ARCHIVE,RAW_CLOSE
600837.SH,2021-01-29,12.3000,12.3500,12.1300,12.2600,467282.3400,571188.0910,CNY,SRC-GITHUB-TUSHARE-ARCHIVE,RAW_CLOSE
000661.SZ,2021-01-28,474.8000,474.8000,456.0000,458.1800,34644.9600,1609534.2970,CNY,SRC-GITHUB-TUSHARE-ARCHIVE,RAW_CLOSE
000661.SZ,2021-01-29,462.0000,472.8000,449.0000,454.6200,35539.3600,1634413.8110,CNY,SRC-GITHUB-TUSHARE-ARCHIVE,RAW_CLOSE
000100.SZ,2021-01-28,9.1900,9.4000,8.7700,8.8800,5566997.8300,5038385.6480,CNY,SRC-GITHUB-TUSHARE-ARCHIVE,RAW_CLOSE
000100.SZ,2021-01-29,9.0600,9.0700,8.3000,8.5900,6091465.5900,5281344.9170,CNY,SRC-GITHUB-TUSHARE-ARCHIVE,RAW_CLOSE
000063.SZ,2021-01-28,33.5000,33.5000,32.2000,32.5200,822462.0400,2687133.4880,CNY,SRC-GITHUB-TUSHARE-ARCHIVE,RAW_CLOSE
000063.SZ,2021-01-29,32.8000,32.8500,31.8000,32.1900,509970.6900,1638766.0250,CNY,SRC-GITHUB-TUSHARE-ARCHIVE,RAW_CLOSE
002241.SZ,2021-01-28,37.4700,37.8600,34.6500,34.6500,1740255.4800,6243363.8500,CNY,SRC-GITHUB-TUSHARE-ARCHIVE,RAW_CLOSE
002241.SZ,2021-01-29,35.0000,35.7300,32.3700,33.2000,2444662.6100,8207471.6050,CNY,SRC-GITHUB-TUSHARE-ARCHIVE,RAW_CLOSE
300347.SZ,2021-01-28,167.2100,175.0600,167.0100,167.9000,79574.0900,1357820.3780,CNY,SRC-GITHUB-TUSHARE-ARCHIVE,RAW_CLOSE
300347.SZ,2021-01-29,171.1100,173.6600,165.9600,167.3900,74297.8900,1264890.1400,CNY,SRC-GITHUB-TUSHARE-ARCHIVE,RAW_CLOSE
603986.SH,2021-01-28,188.0000,192.9300,185.7700,186.3000,80240.9200,1509923.8140,CNY,SRC-GITHUB-TUSHARE-ARCHIVE,RAW_CLOSE
603986.SH,2021-01-29,187.3900,188.5000,180.6000,182.0000,96536.8200,1777024.3630,CNY,SRC-GITHUB-TUSHARE-ARCHIVE,RAW_CLOSE
002271.SZ,2021-01-28,48.5200,49.2500,47.2800,47.7000,210689.2600,1011983.4020,CNY,SRC-GITHUB-TUSHARE-ARCHIVE,RAW_CLOSE
002271.SZ,2021-01-29,48.2000,49.7300,47.5500,48.5000,225285.4900,1094710.8880,CNY,SRC-GITHUB-TUSHARE-ARCHIVE,RAW_CLOSE
002460.SZ,2021-01-28,131.9900,136.4900,128.1800,129.3400,296477.4500,3909134.8440,CNY,SRC-GITHUB-TUSHARE-ARCHIVE,RAW_CLOSE
002460.SZ,2021-01-29,132.0000,132.1000,116.4100,119.8000,485327.9500,5942499.2020,CNY,SRC-GITHUB-TUSHARE-ARCHIVE,RAW_CLOSE
600585.SH,2021-01-28,51.2100,51.3900,50.5200,50.8000,389442.3000,1978888.0370,CNY,SRC-GITHUB-TUSHARE-ARCHIVE,RAW_CLOSE
600585.SH,2021-01-29,50.9900,51.2000,50.0000,50.4400,413192.8300,2081962.6750,CNY,SRC-GITHUB-TUSHARE-ARCHIVE,RAW_CLOSE
600690.SH,2021-01-28,33.0000,33.6400,31.8200,32.0000,483724.0400,1562322.7900,CNY,SRC-GITHUB-TUSHARE-ARCHIVE,RAW_CLOSE
600690.SH,2021-01-29,32.6600,32.8900,31.1000,31.8500,422925.7200,1356232.9210,CNY,SRC-GITHUB-TUSHARE-ARCHIVE,RAW_CLOSE
601601.SH,2021-01-28,37.6000,37.6000,36.2600,36.6600,546577.3400,2012766.4810,CNY,SRC-GITHUB-TUSHARE-ARCHIVE,RAW_CLOSE
601601.SH,2021-01-29,36.1600,36.1900,34.1100,34.6900,903436.5900,3155384.2260,CNY,SRC-GITHUB-TUSHARE-ARCHIVE,RAW_CLOSE
601668.SH,2021-01-28,4.8800,4.8800,4.8300,4.8300,1614052.6500,782063.7250,CNY,SRC-GITHUB-TUSHARE-ARCHIVE,RAW_CLOSE
601668.SH,2021-01-29,4.8400,4.8600,4.7900,4.8100,1411989.1400,681208.3490,CNY,SRC-GITHUB-TUSHARE-ARCHIVE,RAW_CLOSE
002027.SZ,2021-01-28,11.1600,11.2200,10.7000,11.0000,1445328.2100,1581991.6110,CNY,SRC-GITHUB-TUSHARE-ARCHIVE,RAW_CLOSE
002027.SZ,2021-01-29,11.1200,11.2800,10.6000,10.8600,1272864.0200,1385247.1620,CNY,SRC-GITHUB-TUSHARE-ARCHIVE,RAW_CLOSE
300142.SZ,2021-01-28,42.0000,43.9800,40.9200,41.8000,990438.5500,4188913.8830,CNY,SRC-GITHUB-TUSHARE-ARCHIVE,RAW_CLOSE
300142.SZ,2021-01-29,41.1800,42.1800,39.1800,39.6000,666168.4400,2702395.1080,CNY,SRC-GITHUB-TUSHARE-ARCHIVE,RAW_CLOSE
603799.SH,2021-01-28,102.0000,105.5100,99.1800,100.8500,425404.1900,4339109.0280,CNY,SRC-GITHUB-TUSHARE-ARCHIVE,RAW_CLOSE
603799.SH,2021-01-29,101.8800,103.5000,93.5000,99.0200,527235.6700,5166712.8650,CNY,SRC-GITHUB-TUSHARE-ARCHIVE,RAW_CLOSE
600016.SH,2021-01-28,5.1300,5.1400,5.0800,5.1200,1163303.1900,593851.3840,CNY,SRC-GITHUB-TUSHARE-ARCHIVE,RAW_CLOSE
600016.SH,2021-01-29,5.1200,5.1400,5.0900,5.1100,785033.7300,401163.4240,CNY,SRC-GITHUB-TUSHARE-ARCHIVE,RAW_CLOSE
600763.SH,2021-01-28,310.0000,317.6200,306.2700,308.6200,20438.5600,636322.2670,CNY,SRC-GITHUB-TUSHARE-ARCHIVE,RAW_CLOSE
600763.SH,2021-01-29,311.0000,313.9000,299.9700,303.9500,23730.4200,727016.8090,CNY,SRC-GITHUB-TUSHARE-ARCHIVE,RAW_CLOSE
600196.SH,2021-01-28,48.4600,48.4600,46.1800,46.4100,396441.0000,1866736.7810,CNY,SRC-GITHUB-TUSHARE-ARCHIVE,RAW_CLOSE
600196.SH,2021-01-29,46.4000,46.8200,44.5600,45.4700,351217.6800,1591877.5950,CNY,SRC-GITHUB-TUSHARE-ARCHIVE,RAW_CLOSE
601288.SH,2021-01-28,3.1400,3.1500,3.1300,3.1400,1376007.2200,431267.9360,CNY,SRC-GITHUB-TUSHARE-ARCHIVE,RAW_CLOSE
601288.SH,2021-01-29,3.1400,3.1700,3.1300,3.1500,2348366.6000,739558.1560,CNY,SRC-GITHUB-TUSHARE-ARCHIVE,RAW_CLOSE
000338.SZ,2021-01-28,19.6000,19.9600,19.4000,19.5300,1202743.2600,2361851.8270,CNY,SRC-GITHUB-TUSHARE-ARCHIVE,RAW_CLOSE
000338.SZ,2021-01-29,19.7100,21.4800,19.4200,21.1400,1952748.3000,4079320.7970,CNY,SRC-GITHUB-TUSHARE-ARCHIVE,RAW_CLOSE
600048.SH,2021-01-28,14.2100,14.2100,13.9300,14.0500,914566.6600,1284221.5510,CNY,SRC-GITHUB-TUSHARE-ARCHIVE,RAW_CLOSE
600048.SH,2021-01-29,14.0900,14.1500,13.7700,13.8100,720712.9000,1002283.5290,CNY,SRC-GITHUB-TUSHARE-ARCHIVE,RAW_CLOSE
600703.SH,2021-01-28,30.4000,31.0500,29.6600,29.9700,745345.4200,2251378.8740,CNY,SRC-GITHUB-TUSHARE-ARCHIVE,RAW_CLOSE
600703.SH,2021-01-29,30.3500,30.4400,28.9000,29.5700,746369.7200,2209349.8250,CNY,SRC-GITHUB-TUSHARE-ARCHIVE,RAW_CLOSE
600919.SH,2021-01-28,5.5000,5.5200,5.4200,5.4500,685397.7300,374701.6120,CNY,SRC-GITHUB-TUSHARE-ARCHIVE,RAW_CLOSE
600919.SH,2021-01-29,5.4600,5.5700,5.4300,5.5200,1039508.9600,572790.8990,CNY,SRC-GITHUB-TUSHARE-ARCHIVE,RAW_CLOSE
002129.SZ,2021-01-28,30.4800,30.8500,28.6500,29.0100,934919.2000,2785078.3970,CNY,SRC-GITHUB-TUSHARE-ARCHIVE,RAW_CLOSE
002129.SZ,2021-01-29,29.3100,29.5800,26.4000,27.2600,1043836.1200,2900682.5430,CNY,SRC-GITHUB-TUSHARE-ARCHIVE,RAW_CLOSE
600050.SH,2021-01-28,4.2900,4.3000,4.2100,4.2400,1067763.2100,454394.0540,CNY,SRC-GITHUB-TUSHARE-ARCHIVE,RAW_CLOSE
600050.SH,2021-01-29,4.2400,4.2600,4.1800,4.1900,894951.0100,376566.7830,CNY,SRC-GITHUB-TUSHARE-ARCHIVE,RAW_CLOSE
601229.SH,2021-01-28,8.0400,8.1200,7.9500,8.1000,322514.7200,259200.1920,CNY,SRC-GITHUB-TUSHARE-ARCHIVE,RAW_CLOSE
601229.SH,2021-01-29,8.1500,8.2300,8.0600,8.1000,373731.1200,304200.1730,CNY,SRC-GITHUB-TUSHARE-ARCHIVE,RAW_CLOSE
601688.SH,2021-01-28,17.7000,17.9100,17.6300,17.7000,703312.3500,1247624.2690,CNY,SRC-GITHUB-TUSHARE-ARCHIVE,RAW_CLOSE
601688.SH,2021-01-29,17.7400,17.8400,17.2300,17.3900,979187.4300,1711663.5120,CNY,SRC-GITHUB-TUSHARE-ARCHIVE,RAW_CLOSE
600660.SH,2021-01-28,61.0000,61.9500,58.8000,59.2000,318127.0400,1909814.7390,CNY,SRC-GITHUB-TUSHARE-ARCHIVE,RAW_CLOSE
600660.SH,2021-01-29,60.3800,60.6300,57.3000,59.0000,259374.9800,1529177.6250,CNY,SRC-GITHUB-TUSHARE-ARCHIVE,RAW_CLOSE
600104.SH,2021-01-28,23.0000,23.2200,22.6000,22.7000,545391.9100,1246948.3500,CNY,SRC-GITHUB-TUSHARE-ARCHIVE,RAW_CLOSE
600104.SH,2021-01-29,22.8100,22.9300,21.7000,21.9400,627877.1900,1396407.8680,CNY,SRC-GITHUB-TUSHARE-ARCHIVE,RAW_CLOSE
600570.SH,2021-01-28,94.4000,96.7200,94.1200,94.3100,103799.3300,990019.2190,CNY,SRC-GITHUB-TUSHARE-ARCHIVE,RAW_CLOSE
600570.SH,2021-01-29,95.6900,100.8000,95.5000,97.1300,212390.8500,2086304.6500,CNY,SRC-GITHUB-TUSHARE-ARCHIVE,RAW_CLOSE
601211.SH,2021-01-28,16.7300,16.7700,16.5100,16.6200,382759.0300,636465.7620,CNY,SRC-GITHUB-TUSHARE-ARCHIVE,RAW_CLOSE
601211.SH,2021-01-29,16.7000,16.7100,16.2300,16.3800,348488.3000,574460.2880,CNY,SRC-GITHUB-TUSHARE-ARCHIVE,RAW_CLOSE
601766.SH,2021-01-28,6.6400,6.6500,6.4500,6.4900,2026279.5400,1326607.5600,CNY,SRC-GITHUB-TUSHARE-ARCHIVE,RAW_CLOSE
601766.SH,2021-01-29,6.5300,6.5600,6.1500,6.2500,2164371.7700,1364246.1310,CNY,SRC-GITHUB-TUSHARE-ARCHIVE,RAW_CLOSE
601169.SH,2021-01-28,4.7600,4.7700,4.7200,4.7400,491684.5700,233149.1970,CNY,SRC-GITHUB-TUSHARE-ARCHIVE,RAW_CLOSE
601169.SH,2021-01-29,4.7500,4.7700,4.7200,4.7300,532329.4800,252380.5600,CNY,SRC-GITHUB-TUSHARE-ARCHIVE,RAW_CLOSE
600999.SH,2021-01-28,24.8400,25.6700,24.2300,25.3000,619996.2900,1549700.7240,CNY,SRC-GITHUB-TUSHARE-ARCHIVE,RAW_CLOSE
600999.SH,2021-01-29,25.3600,25.9700,24.5800,25.8400,583056.4500,1485817.5160,CNY,SRC-GITHUB-TUSHARE-ARCHIVE,RAW_CLOSE
002311.SZ,2021-01-28,66.0200,66.4300,64.3800,64.5800,91497.8500,595734.1140,CNY,SRC-GITHUB-TUSHARE-ARCHIVE,RAW_CLOSE
002311.SZ,2021-01-29,64.8500,66.1800,64.0100,65.8100,102511.5900,668302.4440,CNY,SRC-GITHUB-TUSHARE-ARCHIVE,RAW_CLOSE
002371.SZ,2021-01-28,213.6000,214.2800,199.3800,200.7300,96753.6300,1982693.4720,CNY,SRC-GITHUB-TUSHARE-ARCHIVE,RAW_CLOSE
002371.SZ,2021-01-29,204.0100,206.5800,196.5000,200.4000,69606.8200,1402010.4400,CNY,SRC-GITHUB-TUSHARE-ARCHIVE,RAW_CLOSE
600019.SH,2021-01-28,6.9000,6.9900,6.7500,6.7900,1328638.8600,909563.1210,CNY,SRC-GITHUB-TUSHARE-ARCHIVE,RAW_CLOSE
600019.SH,2021-01-29,6.8000,6.8600,6.5000,6.5600,1412589.6800,940907.2760,CNY,SRC-GITHUB-TUSHARE-ARCHIVE,RAW_CLOSE
002049.SZ,2021-01-28,126.5000,127.2500,122.0500,122.1100,88804.3900,1105608.5790,CNY,SRC-GITHUB-TUSHARE-ARCHIVE,RAW_CLOSE
002049.SZ,2021-01-29,122.3100,126.5000,118.6000,120.8600,99852.0900,1228952.3660,CNY,SRC-GITHUB-TUSHARE-ARCHIVE,RAW_CLOSE
002410.SZ,2021-01-28,81.7125,83.4861,79.7098,80.3575,80103.2400,651440.9960,CNY,SRC-GITHUB-TUSHARE-ARCHIVE,RAW_CLOSE
002410.SZ,2021-01-29,80.3575,85.9870,79.7098,82.6989,80090.7500,670817.2100,CNY,SRC-GITHUB-TUSHARE-ARCHIVE,RAW_CLOSE
300498.SZ,2021-01-28,17.9900,17.9900,17.4500,17.4700,429990.7700,758181.9410,CNY,SRC-GITHUB-TUSHARE-ARCHIVE,RAW_CLOSE
300498.SZ,2021-01-29,17.4700,17.5700,16.8900,16.9600,331872.3500,567768.2710,CNY,SRC-GITHUB-TUSHARE-ARCHIVE,RAW_CLOSE
600406.SH,2021-01-28,30.6700,30.8500,29.1900,29.4200,287713.0700,859643.9760,CNY,SRC-GITHUB-TUSHARE-ARCHIVE,RAW_CLOSE
600406.SH,2021-01-29,29.8000,30.0900,28.9000,29.4200,176040.9600,519897.7980,CNY,SRC-GITHUB-TUSHARE-ARCHIVE,RAW_CLOSE
601088.SH,2021-01-28,17.9800,17.9800,17.7000,17.7600,269448.5900,479768.3580,CNY,SRC-GITHUB-TUSHARE-ARCHIVE,RAW_CLOSE
601088.SH,2021-01-29,17.7700,17.9800,17.3100,17.4000,291067.6300,512285.8590,CNY,SRC-GITHUB-TUSHARE-ARCHIVE,RAW_CLOSE
601988.SH,2021-01-28,3.1700,3.1800,3.1600,3.1700,735044.0300,232613.5180,CNY,SRC-GITHUB-TUSHARE-ARCHIVE,RAW_CLOSE
601988.SH,2021-01-29,3.1600,3.1900,3.1600,3.1700,1120048.4700,355524.1760,CNY,SRC-GITHUB-TUSHARE-ARCHIVE,RAW_CLOSE
601818.SH,2021-01-28,4.0700,4.0900,4.0100,4.0400,1352210.9700,546597.7800,CNY,SRC-GITHUB-TUSHARE-ARCHIVE,RAW_CLOSE
601818.SH,2021-01-29,4.0400,4.1100,4.0100,4.0500,1331358.7000,540259.8720,CNY,SRC-GITHUB-TUSHARE-ARCHIVE,RAW_CLOSE
000538.SZ,2021-01-28,132.5100,134.4900,130.9900,132.0000,53328.4700,707594.1100,CNY,SRC-GITHUB-TUSHARE-ARCHIVE,RAW_CLOSE
000538.SZ,2021-01-29,132.6800,135.4600,130.9000,132.9700,57834.0300,767945.8610,CNY,SRC-GITHUB-TUSHARE-ARCHIVE,RAW_CLOSE
000625.SZ,2021-01-28,17.9200,18.0900,17.4400,17.5400,1023803.0800,1818406.4190,CNY,SRC-GITHUB-TUSHARE-ARCHIVE,RAW_CLOSE
000625.SZ,2021-01-29,17.5500,17.8400,16.7400,17.2400,975840.3800,1686939.4270,CNY,SRC-GITHUB-TUSHARE-ARCHIVE,RAW_CLOSE
600745.SH,2021-01-28,114.5100,114.5200,109.1000,109.9200,230893.0600,2564541.5650,CNY,SRC-GITHUB-TUSHARE-ARCHIVE,RAW_CLOSE
600745.SH,2021-01-29,110.0000,111.8000,101.2500,105.3800,289603.5200,3046814.4340,CNY,SRC-GITHUB-TUSHARE-ARCHIVE,RAW_CLOSE
600028.SH,2021-01-28,4.0100,4.0300,3.9600,3.9800,1351213.7600,538458.5020,CNY,SRC-GITHUB-TUSHARE-ARCHIVE,RAW_CLOSE
600028.SH,2021-01-29,3.9800,3.9900,3.9200,3.9500,1142037.2300,451480.1330,CNY,SRC-GITHUB-TUSHARE-ARCHIVE,RAW_CLOSE
600893.SH,2021-01-28,63.6500,65.0600,61.4000,62.2000,611410.1500,3858704.2840,CNY,SRC-GITHUB-TUSHARE-ARCHIVE,RAW_CLOSE
600893.SH,2021-01-29,63.0000,63.1000,57.2500,59.5900,681519.6600,4090702.3680,CNY,SRC-GITHUB-TUSHARE-ARCHIVE,RAW_CLOSE
601628.SH,2021-01-28,37.1500,37.5200,37.0000,37.2400,118064.1000,439268.0940,CNY,SRC-GITHUB-TUSHARE-ARCHIVE,RAW_CLOSE
601628.SH,2021-01-29,37.4300,37.4600,35.7100,36.1500,176928.9900,644907.3860,CNY,SRC-GITHUB-TUSHARE-ARCHIVE,RAW_CLOSE
002493.SZ,2021-01-28,35.0300,36.0700,33.6300,34.0100,480813.0500,1660344.7610,CNY,SRC-GITHUB-TUSHARE-ARCHIVE,RAW_CLOSE
002493.SZ,2021-01-29,34.2200,35.3300,33.4600,34.2000,294655.7900,1014226.8230,CNY,SRC-GITHUB-TUSHARE-ARCHIVE,RAW_CLOSE
002821.SZ,2021-01-28,309.3300,315.3000,299.3300,300.4000,27135.5000,830396.7490,CNY,SRC-GITHUB-TUSHARE-ARCHIVE,RAW_CLOSE
002821.SZ,2021-01-29,308.6000,310.0000,286.2000,293.4800,34077.3600,1016724.1780,CNY,SRC-GITHUB-TUSHARE-ARCHIVE,RAW_CLOSE
600588.SH,2021-01-28,48.2848,48.7022,44.3994,44.8167,422636.6100,1962584.9900,CNY,SRC-GITHUB-TUSHARE-ARCHIVE,RAW_CLOSE
600588.SH,2021-01-29,45.1347,45.7806,41.7561,42.8194,415968.1600,1819330.4370,CNY,SRC-GITHUB-TUSHARE-ARCHIVE,RAW_CLOSE
601009.SH,2021-01-28,8.0400,8.0500,7.9500,7.9800,522678.5000,418078.8290,CNY,SRC-GITHUB-TUSHARE-ARCHIVE,RAW_CLOSE
601009.SH,2021-01-29,7.9800,8.1300,7.9500,8.0000,573625.6000,460954.8610,CNY,SRC-GITHUB-TUSHARE-ARCHIVE,RAW_CLOSE
601390.SH,2021-01-28,5.4200,5.4200,5.3000,5.3100,827628.5300,442024.3240,CNY,SRC-GITHUB-TUSHARE-ARCHIVE,RAW_CLOSE
601390.SH,2021-01-29,5.3200,5.3600,5.2500,5.2900,522204.4900,276616.2430,CNY,SRC-GITHUB-TUSHARE-ARCHIVE,RAW_CLOSE
601633.SH,2021-01-28,40.2021,42.7865,39.4099,40.5783,363517.8100,1517406.2780,CNY,SRC-GITHUB-TUSHARE-ARCHIVE,RAW_CLOSE
601633.SH,2021-01-29,41.0932,42.3607,40.1724,41.5091,311651.1100,1296477.5950,CNY,SRC-GITHUB-TUSHARE-ARCHIVE,RAW_CLOSE
