symbol,name,opt-in,opt-out,ticker,exchange_mic
SZ000001,平安银行,2005-04-08,,000001,XSHE
SZ000002,万科Ａ,2005-04-08,,000002,XSHE
SZ000063,中兴通讯,2005-04-08,,000063,XSHE
SZ000100,TCL科技,2008-12-25,,000100,XSHE
SZ000157,中联重科,2005-04-08,,000157,XSHE
SZ000166,申万宏源,2015-01-26,,000166,XSHE
SZ000301,东方盛虹,2021-12-10,,000301,XSHE
SZ000333,美的集团,2013-08-23,,000333,XSHE
SZ000338,潍柴动力,2008-01-01,,000338,XSHE
SZ000408,藏格矿业,2022-06-10,,000408,XSHE
SZ000425,徐工机械,2005-04-08,,000425,XSHE
SZ000538,云南白药,2005-07-01,,000538,XSHE
SZ000568,泸州老窖,2005-04-08,,000568,XSHE
SZ000596,古井贡酒,2019-06-17,,000596,XSHE
SZ000617,中油资本,2023-06-09,,000617,XSHE
SZ000625,长安汽车,2005-04-08,,000625,XSHE
SZ000630,铜陵有色,2024-12-13,,000630,XSHE
SZ000651,格力电器,2005-04-08,,000651,XSHE
SZ000661,长春高新,2018-12-17,2026-06-12,000661,XSHE
SZ000708,中信特钢,2020-06-15,,000708,XSHE
SZ000725,京东方Ａ,2012-07-02,,000725,XSHE
SZ000768,中航西飞,2006-01-01,,000768,XSHE
SZ000776,广发证券,2011-01-01,,000776,XSHE
SZ000786,北新建材,2018-06-11,2026-06-12,000786,XSHE
SZ000792,盐湖股份,2022-06-10,,000792,XSHE
SZ000800,一汽解放,2021-06-11,2025-12-08,000800,XSHE
SZ000807,云铝股份,2024-06-14,,000807,XSHE
SZ000858,五粮液,2005-04-08,,000858,XSHE
SZ000876,新希望,2007-07-02,2026-06-12,000876,XSHE
SZ000895,双汇发展,2008-01-01,,000895,XSHE
SZ000938,紫光股份,2016-12-12,,000938,XSHE
SZ000963,华东医药,2013-07-01,,000963,XSHE
SZ000975,山金国际,2024-12-13,,000975,XSHE
SZ000977,浪潮信息,2020-06-15,,000977,XSHE
SZ000983,山西焦煤,2023-06-09,2026-06-12,000983,XSHE
SZ000999,华润三九,2023-12-08,,000999,XSHE
SZ001289,龙源电力,2022-06-10,2025-12-08,001289,XSHE
SZ001965,招商公路,2024-06-14,,001965,XSHE
SZ001979,招商蛇口,2015-12-30,,001979,XSHE
SZ002001,新和成,2018-12-17,,002001,XSHE
SZ002007,华兰生物,2010-01-01,2025-06-13,002007,XSHE
SZ002027,分众传媒,2016-06-13,,002027,XSHE
SZ002028,思源电气,2024-12-13,,002028,XSHE
SZ002049,紫光国微,2020-12-14,,002049,XSHE
SZ002050,三花智控,2018-06-11,,002050,XSHE
SZ002074,国轩高科,2022-06-10,,002074,XSHE
SZ002129,TCL中环,2020-06-15,2025-12-08,002129,XSHE
SZ002142,宁波银行,2008-01-01,,002142,XSHE
SZ002179,中航光电,2018-12-17,,002179,XSHE
SZ002180,纳思达,2022-12-09,2025-12-08,002180,XSHE
SZ002230,科大讯飞,2013-12-16,,002230,XSHE
SZ002236,大华股份,2013-01-01,,002236,XSHE
SZ002241,歌尔股份,2012-07-02,,002241,XSHE
SZ002252,上海莱士,2014-06-16,2026-06-12,002252,XSHE
SZ002271,东方雨虹,2018-12-17,2025-06-13,002271,XSHE
SZ002304,洋河股份,2010-07-01,,002304,XSHE
SZ002311,海大集团,2018-12-17,,002311,XSHE
SZ002352,顺丰控股,2017-06-12,,002352,XSHE
SZ002371,北方华创,2020-06-15,,002371,XSHE
SZ002415,海康威视,2011-01-01,,002415,XSHE
SZ002422,科伦药业,2024-12-13,,002422,XSHE
SZ002459,晶澳科技,2021-12-10,2026-06-12,002459,XSHE
SZ002460,赣锋锂业,2017-12-11,,002460,XSHE
SZ002463,沪电股份,2024-12-13,,002463,XSHE
SZ002466,天齐锂业,2021-12-10,,002466,XSHE
SZ002475,立讯精密,2014-06-16,,002475,XSHE
SZ002493,荣盛石化,2018-06-11,,002493,XSHE
SZ002555,三七互娱,2017-06-12,2025-06-13,002555,XSHE
SZ002594,比亚迪,2012-01-01,,002594,XSHE
SZ002601,龙蟒佰利,2017-12-11,2026-06-12,002601,XSHE
SZ002648,卫星化学,2022-06-10,,002648,XSHE
SZ002709,天赐材料,2021-12-10,,002709,XSHE
SZ002714,牧原股份,2016-12-12,,002714,XSHE
SZ002736,国信证券,2015-06-15,,002736,XSHE
SZ002812,恩捷股份,2020-12-14,2025-06-13,002812,XSHE
SZ002916,深南电路,2019-12-16,,002916,XSHE
SZ002920,德赛西威,2022-06-10,,002920,XSHE
SZ002938,鹏鼎控股,2019-06-17,,002938,XSHE
SZ003816,中国广核,2020-06-15,,003816,XSHE
SZ300014,亿纬锂能,2020-06-15,,300014,XSHE
SZ300015,爱尔眼科,2017-12-11,,300015,XSHE
SZ300033,同花顺,2016-12-12,,300033,XSHE
SZ300059,东方财富,2015-06-15,,300059,XSHE
SZ300122,智飞生物,2017-12-11,,300122,XSHE
SZ300124,汇川技术,2014-12-15,,300124,XSHE
SZ300274,阳光电源,2021-06-11,,300274,XSHE
SZ300308,中际旭创,2023-12-08,,300308,XSHE
SZ300316,晶盛机电,2021-12-10,,300316,XSHE
SZ300347,泰格医药,2019-12-16,2026-06-12,300347,XSHE
SZ300394,天孚通信,2024-12-13,,300394,XSHE
SZ300408,三环集团,2018-06-11,,300408,XSHE
SZ300413,芒果超媒,2019-06-17,,300413,XSHE
SZ300418,昆仑万维,2024-06-14,,300418,XSHE
SZ300433,蓝思科技,2018-06-11,,300433,XSHE
SZ300442,润泽科技,2024-06-14,,300442,XSHE
SZ300450,先导智能,2021-06-11,2025-06-13,300450,XSHE
SZ300498,温氏股份,2019-06-17,,300498,XSHE
SZ300502,新易盛,2024-12-13,,300502,XSHE
SZ300628,亿联网络,2020-06-15,,300628,XSHE
SZ300661,圣邦股份,2022-06-10,,300661,XSHE
SZ300750,宁德时代,2021-12-10,,300750,XSHE
SZ300759,康龙化成,2021-12-10,2026-06-12,300759,XSHE
SZ300760,迈瑞医疗,2021-12-10,,300760,XSHE
SZ300782,卓胜微,2021-12-10,2026-06-12,300782,XSHE
SZ300832,新产业,2024-06-14,,300832,XSHE
SZ300896,爱美客,2021-12-10,,300896,XSHE
SZ300979,华利集团,2022-06-10,2026-06-12,300979,XSHE
SZ300999,金龙鱼,2021-12-10,,300999,XSHE
SZ301269,华大九天,2023-12-08,,301269,XSHE
SH600000,浦发银行,2005-04-08,,600000,XSHG
SH600009,上海机场,2005-04-08,,600009,XSHG
SH600010,包钢股份,2005-04-08,,600010,XSHG
SH600011,华能国际,2017-12-11,,600011,XSHG
SH600015,华夏银行,2005-04-08,,600015,XSHG
SH600016,民生银行,2005-04-08,,600016,XSHG
SH600018,上港集团,2013-12-16,,600018,XSHG
SH600019,宝钢股份,2005-04-08,,600019,XSHG
SH600023,浙能电力,2023-12-08,,600023,XSHG
SH600025,华能水电,2018-06-11,,600025,XSHG
SH600026,中远海能,2024-06-14,,600026,XSHG
SH600027,华电国际,2024-06-14,,600027,XSHG
SH600028,中国石化,2005-04-08,,600028,XSHG
SH600029,南方航空,2005-04-08,,600029,XSHG
SH600030,中信证券,2005-04-08,,600030,XSHG
SH600031,三一重工,2005-04-08,,600031,XSHG
SH600036,招商银行,2005-04-08,,600036,XSHG
SH600039,四川路桥,2022-12-09,,600039,XSHG
SH600048,保利发展,2007-01-01,,600048,XSHG
SH600050,中国联通,2005-04-08,,600050,XSHG
SH600061,国投资本,2016-06-13,,600061,XSHG
SH600066,宇通客车,2024-12-13,,600066,XSHG
SH600085,同仁堂,2005-04-08,,600085,XSHG
SH600089,特变电工,2022-06-10,,600089,XSHG
SH600104,上汽集团,2005-04-08,,600104,XSHG
SH600111,北方稀土,2008-01-01,,600111,XSHG
SH600115,中国东航,2011-01-01,,600115,XSHG
SH600150,中国船舶,2020-12-14,,600150,XSHG
SH600160,巨化股份,2024-12-13,,600160,XSHG
SH600161,天坛生物,2024-06-14,2026-06-12,600161,XSHG
SH600176,中国巨石,2018-06-11,,600176,XSHG
SH600183,生益科技,2019-12-16,,600183,XSHG
SH600188,兖矿能源,2022-06-10,,600188,XSHG
SH600196,复星医药,2005-04-08,,600196,XSHG
SH600219,南山铝业,2022-06-10,,600219,XSHG
SH600233,圆通速递,2022-12-09,,600233,XSHG
SH600276,恒瑞医药,2011-01-01,,600276,XSHG
SH600309,万华化学,2005-04-08,,600309,XSHG
SH600332,白云山,2013-07-01,2025-12-08,600332,XSHG
SH600346,恒力石化,2018-06-11,,600346,XSHG
SH600362,江西铜业,2005-04-08,,600362,XSHG
SH600372,中航机载,2023-12-08,,600372,XSHG
SH600377,宁沪高速,2024-12-13,2026-06-12,600377,XSHG
SH600406,国电南瑞,2011-01-01,,600406,XSHG
SH600415,小商品城,2024-06-14,,600415,XSHG
SH600426,华鲁恒升,2021-06-11,,600426,XSHG
SH600436,片仔癀,2017-06-12,,600436,XSHG
SH600438,通威股份,2018-06-11,,600438,XSHG
SH600460,士兰微,2022-06-10,,600460,XSHG
SH600482,中国动力,2024-12-13,,600482,XSHG
SH600489,中金黄金,2023-12-08,,600489,XSHG
SH600515,海南机场,2023-12-08,,600515,XSHG
SH600519,贵州茅台,2005-04-08,,600519,XSHG
SH600547,山东黄金,2007-01-01,,600547,XSHG
SH600570,恒生电子,2014-12-15,,600570,XSHG
SH600584,长电科技,2020-12-14,,600584,XSHG
SH600585,海螺水泥,2005-04-08,,600585,XSHG
SH600588,用友网络,2008-12-25,,600588,XSHG
SH600600,青岛啤酒,2020-12-14,,600600,XSHG
SH600660,福耀玻璃,2005-04-08,,600660,XSHG
SH600674,川投能源,2022-12-09,,600674,XSHG
SH600690,海尔智家,2005-04-08,,600690,XSHG
SH600741,华域汽车,2005-04-08,,600741,XSHG
SH600745,闻泰科技,2020-06-15,2025-06-13,600745,XSHG
SH600760,中航沈飞,2018-12-17,,600760,XSHG
SH600795,国电电力,2005-04-08,,600795,XSHG
SH600803,新奥股份,2022-12-09,,600803,XSHG
SH600809,山西汾酒,2018-06-11,,600809,XSHG
SH600837,海通证券,2007-07-02,2025-02-16,600837,XSHG
SH600845,宝信软件,2020-12-14,,600845,XSHG
SH600875,东方电气,2023-06-09,,600875,XSHG
SH600886,国投电力,2013-01-01,,600886,XSHG
SH600887,伊利股份,2011-01-01,,600887,XSHG
SH600893,航发动力,2011-01-01,,600893,XSHG
SH600900,长江电力,2005-04-08,,600900,XSHG
SH600905,三峡能源,2021-12-10,,600905,XSHG
SH600918,中泰证券,2020-12-14,,600918,XSHG
SH600919,江苏银行,2017-06-12,,600919,XSHG
SH600926,杭州银行,2017-06-12,,600926,XSHG
SH600938,中国海油,2023-12-08,,600938,XSHG
SH600941,中国移动,2022-06-10,,600941,XSHG
SH600958,东方证券,2015-06-15,,600958,XSHG
SH600989,宝丰能源,2019-12-16,,600989,XSHG
SH600999,招商证券,2010-07-01,,600999,XSHG
SH601006,大秦铁路,2006-08-12,,601006,XSHG
SH601009,南京银行,2008-01-01,,601009,XSHG
SH601012,隆基绿能,2017-12-11,,601012,XSHG
SH601021,春秋航空,2015-06-15,,601021,XSHG
SH601058,赛轮轮胎,2025-02-16,,601058,XSHG
SH601059,信达证券,2023-12-08,,601059,XSHG
SH601066,中信建投,2018-12-17,,601066,XSHG
SH601088,中国神华,2007-10-20,,601088,XSHG
SH601100,恒立液压,2020-06-15,,601100,XSHG
SH601111,中国国航,2007-01-01,,601111,XSHG
SH601117,中国化学,2022-06-10,,601117,XSHG
SH601127,赛力斯,2024-12-13,,601127,XSHG
SH601136,首创证券,2024-12-13,,601136,XSHG
SH601138,工业富联,2018-12-17,,601138,XSHG
SH601166,兴业银行,2007-02-16,,601166,XSHG
SH601169,北京银行,2008-01-01,,601169,XSHG
SH601186,中国铁建,2008-12-25,,601186,XSHG
SH601211,国泰海通,2015-12-14,,601211,XSHG
SH601225,陕西煤业,2014-06-16,,601225,XSHG
SH601229,上海银行,2017-06-12,,601229,XSHG
SH601236,红塔证券,2019-12-16,2026-06-12,601236,XSHG
SH601238,广汽集团,2018-06-11,,601238,XSHG
SH601288,农业银行,2010-07-26,,601288,XSHG
SH601318,中国平安,2007-03-12,,601318,XSHG
SH601319,中国人保,2019-06-17,,601319,XSHG
SH601328,交通银行,2007-05-26,,601328,XSHG
SH601336,新华保险,2012-07-02,,601336,XSHG
SH601360,三六零,2018-06-11,,601360,XSHG
SH601377,兴业证券,2011-07-01,,601377,XSHG
SH601390,中国中铁,2008-06-14,,601390,XSHG
SH601398,工商银行,2006-11-07,,601398,XSHG
SH601600,中国铝业,2007-05-07,,601600,XSHG
SH601601,中国太保,2008-06-14,,601601,XSHG
SH601607,上海医药,2023-06-09,,601607,XSHG
SH601618,中国中冶,2010-01-01,,601618,XSHG
SH601628,中国人寿,2007-01-20,,601628,XSHG
SH601633,长城汽车,2012-07-02,,601633,XSHG
SH601658,邮储银行,2020-06-15,,601658,XSHG
SH601668,中国建筑,2010-01-01,,601668,XSHG
SH601669,中国电建,2012-07-02,,601669,XSHG
SH601688,华泰证券,2010-07-01,,601688,XSHG
SH601689,拓普集团,2022-12-09,,601689,XSHG
SH601698,中国卫通,2019-12-16,,601698,XSHG
SH601699,潞安环能,2023-06-09,2025-12-08,601699,XSHG
SH601728,中国电信,2021-12-10,,601728,XSHG
SH601766,中国中车,2009-07-01,,601766,XSHG
SH601788,光大证券,2015-06-15,,601788,XSHG
SH601799,星宇股份,2021-06-11,2025-12-08,601799,XSHG
SH601800,中国交建,2013-01-01,,601800,XSHG
SH601808,中海油服,2018-06-11,2026-06-12,601808,XSHG
SH601816,京沪高铁,2020-06-15,,601816,XSHG
SH601818,光大银行,2011-01-01,,601818,XSHG
SH601838,成都银行,2018-06-11,,601838,XSHG
SH601857,中国石油,2007-11-16,,601857,XSHG
SH601865,福莱特,2021-12-10,2025-12-08,601865,XSHG
SH601868,中国能建,2021-12-10,,601868,XSHG
SH601872,招商轮船,2023-06-09,,601872,XSHG
SH601877,正泰电器,2016-12-12,,601877,XSHG
SH601878,浙商证券,2017-12-11,,601878,XSHG
SH601881,中国银河,2017-06-12,,601881,XSHG
SH601888,中国中免,2010-07-01,,601888,XSHG
SH601898,中煤能源,2021-12-10,,601898,XSHG
SH601899,紫金矿业,2008-12-25,,601899,XSHG
SH601901,方正证券,2012-07-02,,601901,XSHG
SH601916,浙商银行,2023-12-08,,601916,XSHG
SH601919,中远海控,2015-06-15,,601919,XSHG
SH601939,建设银行,2008-06-14,,601939,XSHG
SH601985,中国核电,2015-12-14,,601985,XSHG
SH601988,中国银行,2006-07-16,,601988,XSHG
SH601989,中国重工,2010-07-01,2025-08-04,601989,XSHG
SH601995,中金公司,2021-06-11,,601995,XSHG
SH601998,中信银行,2007-05-10,,601998,XSHG
SH603019,中科曙光,2019-06-17,,603019,XSHG
SH603195,公牛集团,2020-12-14,2026-06-12,603195,XSHG
SH603259,药明康德,2018-12-17,,603259,XSHG
SH603260,合盛硅业,2021-12-10,,603260,XSHG
SH603288,海天味业,2018-06-11,,603288,XSHG
SH603296,华勤技术,2024-06-14,,603296,XSHG
SH603369,今世缘,2020-06-15,,603369,XSHG
SH603392,万泰生物,2020-12-14,,603392,XSHG
SH603501,豪威集团,2019-12-16,,603501,XSHG
SH603659,璞泰来,2021-06-11,2025-06-13,603659,XSHG
SH603799,华友钴业,2017-12-11,,603799,XSHG
SH603806,福斯特,2021-06-11,2025-12-08,603806,XSHG
SH603833,欧派家居,2017-12-11,2025-12-08,603833,XSHG
SH603986,兆易创新,2018-12-17,,603986,XSHG
SH603993,洛阳钼业,2013-07-01,,603993,XSHG
SH605117,德业股份,2022-12-09,,605117,XSHG
SH605499,东鹏饮料,2021-12-10,,605499,XSHG
SH688008,澜起科技,2020-12-14,,688008,XSHG
SH688009,中国通号,2024-06-14,,688009,XSHG
SH688012,中微公司,2020-12-14,,688012,XSHG
SH688036,传音控股,2020-12-14,,688036,XSHG
SH688041,海光信息,2023-12-08,,688041,XSHG
SH688082,盛美上海,2024-06-14,,688082,XSHG
SH688111,金山办公,2021-06-11,,688111,XSHG
SH688126,沪硅产业-U,2021-06-11,,688126,XSHG
SH688169,石头科技,2024-12-13,2026-06-12,688169,XSHG
SH688187,时代电气,2022-12-09,2026-06-12,688187,XSHG
SH688223,晶科能源,2023-06-09,,688223,XSHG
SH688256,寒武纪-U,2023-12-08,,688256,XSHG
SH688271,联影医疗,2023-12-08,,688271,XSHG
SH688303,大全能源,2022-12-09,,688303,XSHG
SH688396,华润微,2021-06-11,,688396,XSHG
SH688472,阿特斯,2024-12-13,,688472,XSHG
SH688506,百利天恒,2024-12-13,,688506,XSHG
SH688599,天合光能,2021-12-10,2025-12-08,688599,XSHG
SH688981,中芯国际,2021-12-10,,688981,XSHG
